<keymap version="1" name="VSCode copy" parent="VSCode">
  <action id="ActivateProjectToolWindow">
    <keyboard-shortcut first-keystroke="shift ctrl e" />
    <keyboard-shortcut first-keystroke="alt f" />
  </action>
  <action id="ActivateTerminalToolWindow">
    <keyboard-shortcut first-keystroke="ctrl back_quote" />
    <keyboard-shortcut first-keystroke="alt t" />
  </action>
  <action id="ExternalSystem.AssignRunConfigurationShortcut">
    <keyboard-shortcut first-keystroke="shift alt s" />
  </action>
  <action id="ExternalSystem.AssignShortcut">
    <keyboard-shortcut first-keystroke="shift alt s" />
  </action>
  <action id="NextTab">
    <keyboard-shortcut first-keystroke="ctrl page_down" />
    <keyboard-shortcut first-keystroke="alt l" />
    <keyboard-shortcut first-keystroke="alt right" />
  </action>
  <action id="PreviousTab">
    <keyboard-shortcut first-keystroke="ctrl page_up" />
    <keyboard-shortcut first-keystroke="alt h" />
    <keyboard-shortcut first-keystroke="alt left" />
  </action>
  <action id="Terminal.MoveToEditor">
    <keyboard-shortcut first-keystroke="alt e" />
  </action>
  <action id="Terminal.NewTab">
    <keyboard-shortcut first-keystroke="shift ctrl back_quote" />
    <keyboard-shortcut first-keystroke="shift alt t" />
  </action>
  <action id="context.save" />
  <action id="tasks.switch" />
</keymap>